{"cameraMode":{"drawMode":0,"name":"Shaded","section":"Shading Mode"},"sceneLighting":false,"audioPlay":false,"sceneViewState":{"m_AlwaysRefresh":false,"showFog":true,"showSkybox":false,"showFlares":true,"showImageEffects":true,"showParticleSystems":true,"showVisualEffectGraphs":true,"m_FxEnabled":true},"in2DMode":false,"pivot":{"x":3.725290298461914e-9,"y":0.05738954618573189,"z":1.4901161193847657e-8},"rotation":{"x":0.15747031569480897,"y":-0.8262796998023987,"z":0.4615308344364166,"w":0.28190600872039797},"size":0.1869824379682541,"orthographic":false}