{"cameraMode":{"drawMode":0,"name":"Shaded","section":"Shading Mode"},"sceneLighting":false,"audioPlay":false,"sceneViewState":{"m_AlwaysRefresh":false,"showFog":true,"showSkybox":false,"showFlares":true,"showImageEffects":true,"showParticleSystems":true,"showVisualEffectGraphs":true,"m_FxEnabled":true},"in2DMode":false,"pivot":{"x":0.0014725252985954285,"y":0.2879065275192261,"z":-0.0021047890186309816},"rotation":{"x":-0.04410585016012192,"y":-0.9481911659240723,"z":0.2756350338459015,"w":-0.15176182985305787},"size":0.416461706161499,"orthographic":false}