{"cameraMode":{"drawMode":0,"name":"Shaded","section":"Shading Mode"},"sceneLighting":false,"audioPlay":false,"sceneViewState":{"m_AlwaysRefresh":false,"showFog":true,"showSkybox":false,"showFlares":true,"showImageEffects":true,"showParticleSystems":true,"showVisualEffectGraphs":true,"m_FxEnabled":true},"in2DMode":false,"pivot":{"x":-0.06344545632600784,"y":-0.05369234085083008,"z":-0.5860510468482971},"rotation":{"x":0.31749093532562258,"y":0.39152485132217409,"z":-0.14603191614151,"w":0.8512241840362549},"size":1.6580406427383423,"orthographic":false}